Time,Temp,Pressure,KE,U
0.000000,94.400188,1.173835,145.988943,-4.352274
0.010000,94.400754,1.173860,145.989817,-4.353149
0.020000,94.401698,1.173903,145.991277,-4.354608
0.030000,94.403021,1.173962,145.993323,-4.356654
0.040000,94.404725,1.174039,145.995959,-4.359290
0.050000,94.406812,1.174133,145.999186,-4.362516
0.060000,94.409283,1.174244,146.003007,-4.366338
0.070000,94.412140,1.174372,146.007426,-4.370756
0.080000,94.415387,1.174518,146.012446,-4.375776
0.090000,94.419024,1.174682,146.018071,-4.381401
0.100000,94.423055,1.174863,146.024305,-4.387634
0.110000,94.427482,1.175062,146.031152,-4.394481
0.120000,94.432309,1.175279,146.038617,-4.401945
0.130000,94.437539,1.175514,146.046705,-4.410033
0.140000,94.443176,1.175768,146.055422,-4.418750
0.150000,94.449222,1.176040,146.064773,-4.428100
0.160000,94.455683,1.176330,146.074765,-4.438091
0.170000,94.462562,1.176639,146.085403,-4.448728
0.180000,94.469863,1.176967,146.096694,-4.460019
0.190000,94.477592,1.177314,146.108646,-4.471970
0.200000,94.485752,1.177681,146.121266,-4.484590
0.210000,94.494349,1.178067,146.134562,-4.497885
0.220000,94.503389,1.178473,146.148541,-4.511864
0.230000,94.512876,1.178899,146.163214,-4.526535
0.240000,94.522817,1.179346,146.178587,-4.541908
0.250000,94.533218,1.179813,146.194672,-4.557992
0.260000,94.544134,1.180183,146.211552,-4.569426
0.270000,94.555705,1.180344,146.229448,-4.570989
0.280000,94.567884,1.180891,146.248283,-4.589823
0.290000,94.580624,1.181223,146.267984,-4.598594
0.300000,94.593971,1.181701,146.288626,-4.613709
0.310000,94.607926,1.182088,146.310207,-4.624387
0.320000,94.622569,1.182385,146.332852,-4.630619
0.330000,94.637861,1.182951,146.356502,-4.648811
0.340000,94.653768,1.183427,146.381101,-4.662585
0.350000,94.670333,1.183932,146.406718,-4.677344
0.360000,94.687484,1.184701,146.433243,-4.703867
0.370000,94.705227,1.185257,146.460682,-4.720369
0.380000,94.723705,1.185606,146.489258,-4.727140
0.390000,94.742926,1.186228,146.518982,-4.745934
0.400000,94.762824,1.186881,146.549755,-4.765808
0.410000,94.783473,1.187325,146.581689,-4.775863
0.420000,94.804877,1.188045,146.614789,-4.798064
0.430000,94.827035,1.188555,146.649056,-4.810375
0.440000,94.850077,1.188867,146.684691,-4.813213
0.450000,94.873981,1.189576,146.721658,-4.833719
0.460000,94.898805,1.190447,146.760047,-4.861158
0.470000,94.924476,1.191595,146.799748,-4.900857
0.480000,94.950890,1.192655,146.840596,-4.936169
0.490000,94.978247,1.193758,146.882904,-4.972973
0.500000,95.006587,1.194785,146.926732,-5.005898
0.510000,95.035775,1.195970,146.971870,-5.045596
0.520000,95.065728,1.197189,147.018193,-5.086489
0.530000,95.096518,1.198203,147.065809,-5.117680
0.540000,95.128136,1.199614,147.114706,-5.166574
0.550000,95.160618,1.200944,147.164939,-5.211404
0.560000,95.194053,1.202075,147.216647,-5.246725
0.570000,95.228572,1.203614,147.270030,-5.300144
0.580000,95.264154,1.205078,147.325057,-5.349700
0.590000,95.300668,1.206825,147.381526,-5.411700
0.600000,95.338291,1.208619,147.439709,-5.475372
0.610000,95.377125,1.209743,147.499765,-5.508002
0.620000,95.417118,1.211401,147.561614,-5.564428
0.630000,95.458318,1.213110,147.625329,-5.622673
0.640000,95.500703,1.215111,147.690877,-5.693731
0.650000,95.544276,1.217162,147.758263,-5.766534
0.660000,95.589096,1.219145,147.827577,-5.835776
0.670000,95.635223,1.220826,147.898912,-5.890698
0.680000,95.682705,1.223164,147.972341,-5.975007
0.690000,95.731489,1.225080,148.047786,-6.039570
0.700000,95.781665,1.227292,148.125382,-6.117140
0.710000,95.833291,1.229567,148.205222,-6.196984
0.720000,95.886314,1.231781,148.287220,-6.273527
0.730000,95.940777,1.234175,148.371448,-6.357782
0.740000,95.996836,1.236876,148.458143,-6.455490
0.750000,96.054534,1.239163,148.547372,-6.533733
0.760000,96.113850,1.241756,148.639103,-6.625395
0.770000,96.174848,1.244421,148.733436,-6.719802
0.780000,96.237536,1.247152,148.830383,-6.816742
0.790000,96.301941,1.249833,148.929985,-6.910893
0.800000,96.368127,1.252703,149.032340,-7.013240
0.810000,96.436186,1.255646,149.137593,-7.118427
0.820000,96.506267,1.259029,149.245973,-7.243183
0.830000,96.578467,1.262014,149.357629,-7.349308
0.840000,96.652786,1.265200,149.472562,-7.464232
0.850000,96.729256,1.268347,149.590823,-7.577045
0.860000,96.808012,1.271698,149.712618,-7.698827
0.870000,96.889239,1.275498,149.838234,-7.840762
0.880000,96.973021,1.279031,149.967802,-7.970321
0.890000,97.059416,1.282415,150.101412,-8.093011
0.900000,97.148552,1.286492,150.239260,-8.247231
0.910000,97.240593,1.290188,150.381600,-8.384215
0.920000,97.335626,1.293976,150.528568,-8.525682
0.930000,97.433664,1.298095,150.680182,-8.682744
0.940000,97.534757,1.302061,150.836521,-8.833638
0.950000,97.638967,1.305987,150.997681,-8.983871
0.960000,97.746518,1.310236,151.164007,-9.150187
0.970000,97.857495,1.314199,151.335632,-9.305389
0.980000,97.971814,1.318581,151.512425,-9.482190
0.990000,98.089496,1.322887,151.694420,-9.658757
1.000000,98.210590,1.327220,151.881690,-9.840543
1.010000,98.335109,1.331681,152.074257,-10.033128
1.020000,98.462971,1.336358,152.271995,-10.241811
1.030000,98.593957,1.341091,152.474564,-10.460790
1.040000,98.727680,1.345344,152.681365,-10.667607
1.050000,98.863674,1.349651,152.891678,-10.888936
1.060000,99.001283,1.353565,153.104489,-11.107294
1.070000,99.139658,1.357222,153.318485,-11.332298
1.080000,99.277644,1.360372,153.531879,-11.556843
1.090000,99.413567,1.362599,153.742082,-11.767304
1.100000,99.545386,1.364057,153.945938,-11.976976
1.110000,99.670558,1.364015,154.139516,-12.160036
1.120000,99.785955,1.362654,154.317976,-12.333542
1.130000,99.887723,1.359622,154.475359,-12.491539
1.140000,99.971318,1.354282,154.604639,-12.616021
1.150000,100.031868,1.346098,154.698278,-12.693923
1.160000,100.064509,1.335402,154.748757,-12.750605
1.170000,100.065120,1.321171,154.749702,-12.746618
1.180000,100.031576,1.303550,154.697827,-12.689490
1.190000,99.965406,1.283036,154.595496,-12.592339
1.200000,99.873588,1.260024,154.453500,-12.449408
1.210000,99.769624,1.235984,154.292720,-12.286942
1.220000,99.673324,1.212835,154.143794,-12.135850
1.230000,99.608237,1.192931,154.043137,-12.038582
1.240000,99.596238,1.178341,154.024581,-12.029679
1.250000,99.651130,1.170382,154.109471,-12.131014
1.260000,99.773641,1.168573,154.298932,-12.316503
1.270000,99.950453,1.172225,154.572371,-12.587012
1.280000,100.158155,1.179245,154.893580,-12.905583
1.290000,100.370334,1.187611,155.221713,-13.246983
1.300000,100.564825,1.194596,155.522491,-13.543545
1.310000,100.728823,1.199394,155.776113,-13.791701
1.320000,100.861005,1.201875,155.980531,-13.989557
1.330000,100.970572,1.202975,156.149975,-14.157096
1.340000,101.073827,1.204041,156.309657,-14.314663
1.350000,101.189497,1.206762,156.488541,-14.491687
1.360000,101.334027,1.212619,156.712055,-14.714025
1.370000,101.517786,1.222653,156.996236,-15.003208
1.380000,101.743482,1.236735,157.345273,-15.347034
1.390000,102.007184,1.254835,157.753085,-15.755555
1.400000,102.300787,1.276047,158.207139,-16.210385
1.410000,102.614904,1.299568,158.692918,-16.702233
1.420000,102.941048,1.324297,159.197296,-17.207052
1.430000,103.272509,1.349879,159.709898,-17.730863
1.440000,103.604402,1.375391,160.223167,-18.249698
1.450000,103.933133,1.400626,160.731545,-18.769064
1.460000,104.255799,1.424842,161.230546,-19.268136
1.470000,104.569901,1.447816,161.716301,-19.748502
1.480000,104.873277,1.469118,162.185469,-20.201289
1.490000,105.164022,1.489078,162.635103,-20.650961
1.500000,105.440609,1.507227,163.062843,-21.084170
1.510000,105.702005,1.523148,163.467089,-21.488371
1.520000,105.947562,1.536837,163.846841,-21.868082
1.530000,106.177036,1.548333,164.201718,-22.228334
1.540000,106.390426,1.557352,164.531725,-22.558296
1.550000,106.587851,1.564113,164.837040,-22.869028
1.560000,106.769499,1.568374,165.117958,-23.149887
1.570000,106.935520,1.570149,165.374708,-23.401143
1.580000,107.086213,1.569707,165.607752,-23.634128
1.590000,107.222022,1.567110,165.817780,-23.849680
1.600000,107.343388,1.562192,166.005471,-24.037321
1.610000,107.451137,1.555199,166.172103,-24.203843
1.620000,107.546800,1.546566,166.320046,-24.362559
1.630000,107.632722,1.536446,166.452923,-24.511560
1.640000,107.712055,1.524595,166.575611,-24.628445
1.650000,107.788841,1.511935,166.694359,-24.741273
1.660000,107.868009,1.499228,166.816792,-24.868688
1.670000,107.955006,1.486798,166.951332,-25.008210
1.680000,108.055328,1.475085,167.106479,-25.162937
1.690000,108.173889,1.464825,167.289833,-25.351457
1.700000,108.314159,1.456370,167.506759,-25.579261
1.710000,108.477271,1.449376,167.759009,-25.826399
1.720000,108.661494,1.444419,168.043908,-26.122873
1.730000,108.861953,1.440589,168.353916,-26.439343
1.740000,109.070770,1.437176,168.676850,-26.763541
1.750000,109.277756,1.433503,168.996952,-27.090513
1.760000,109.471695,1.428088,169.296876,-27.380863
1.770000,109.642119,1.420726,169.560435,-27.650973
1.780000,109.781374,1.410282,169.775791,-27.866932
1.790000,109.886767,1.397278,169.938781,-28.057183
1.800000,109.961877,1.380902,170.054938,-28.172575
1.810000,110.016711,1.362739,170.139738,-28.256019
1.820000,110.066403,1.344237,170.216586,-28.331246
1.830000,110.127682,1.327112,170.311354,-28.430258
1.840000,110.214168,1.312314,170.445103,-28.557983
1.850000,110.332594,1.300891,170.628248,-28.741445
1.860000,110.481263,1.292639,170.858163,-28.972421
1.870000,110.651518,1.287074,171.121460,-29.248065
1.880000,110.831441,1.282684,171.399709,-29.527570
1.890000,111.009965,1.278861,171.675795,-29.809914
1.900000,111.179978,1.274861,171.938719,-30.078550
1.910000,111.339494,1.270390,172.185408,-30.324978
1.920000,111.491167,1.265566,172.419969,-30.547990
1.930000,111.640673,1.261374,172.651179,-30.778525
1.940000,111.794794,1.258298,172.889525,-31.021722
1.950000,111.959953,1.256662,173.144942,-31.276575
1.960000,112.141309,1.257518,173.425407,-31.578636
1.970000,112.342374,1.260194,173.736353,-31.889401
1.980000,112.565077,1.265069,174.080761,-32.222801
1.990000,112.809947,1.272500,174.459450,-32.596084
2.000000,113.076061,1.282330,174.870991,-33.007829
2.010000,113.360679,1.294109,175.311150,-33.448400
2.020000,113.659152,1.307198,175.772736,-33.905068
2.030000,113.964882,1.321373,176.245545,-34.389661
2.040000,114.269189,1.335138,176.716153,-34.861311
2.050000,114.561800,1.347935,177.168673,-35.325978
2.060000,114.831327,1.358154,177.585494,-35.744105
2.070000,115.065915,1.365118,177.948281,-36.119185
2.080000,115.254332,1.367390,178.239666,-36.417164
2.090000,115.387451,1.364233,178.445534,-36.629265
2.100000,115.459822,1.354796,178.557454,-36.730585
2.110000,115.470803,1.339776,178.574436,-36.752869
2.120000,115.424934,1.319174,178.503501,-36.681393
2.130000,115.330919,1.294002,178.358108,-36.535295
2.140000,115.199345,1.265358,178.154630,-36.331236
2.150000,115.040122,1.234427,177.908392,-36.090208
2.160000,114.860871,1.201737,177.631183,-35.807403
2.170000,114.667632,1.168657,177.332340,-35.519333
2.180000,114.467809,1.135479,177.023316,-35.209557
2.190000,114.273339,1.103620,176.722571,-34.901850
2.200000,114.102079,1.075257,176.457718,-34.640462
2.210000,113.976013,1.052179,176.262758,-34.443485
2.220000,113.916046,1.036406,176.170020,-34.343916
2.230000,113.936202,1.029538,176.201191,-34.374788
2.240000,114.040336,1.031723,176.362233,-34.531101
2.250000,114.221908,1.042960,176.643033,-34.829715
2.260000,114.466881,1.061449,177.021882,-35.226620
2.270000,114.757936,1.085169,177.471994,-35.678324
2.280000,115.077962,1.112796,177.966912,-36.174577
2.290000,115.411754,1.142900,178.483118,-36.697365
2.300000,115.745786,1.173705,178.999695,-37.209474
2.310000,116.067249,1.204094,179.496833,-37.702257
2.320000,116.363370,1.232722,179.954782,-38.155772
2.330000,116.622002,1.258437,180.354754,-38.556576
2.340000,116.833080,1.280063,180.681184,-38.883463
2.350000,116.990235,1.296910,180.924223,-39.126500
2.360000,117.091720,1.308859,181.081168,-39.288554
2.370000,117.140063,1.315847,181.155930,-39.362694
2.380000,117.140937,1.318499,181.157283,-39.363111
2.390000,117.102810,1.317490,181.098320,-39.297435
2.400000,117.037626,1.314302,180.997512,-39.200431
2.410000,116.961303,1.309949,180.879479,-39.074905
2.420000,116.893260,1.306235,180.774251,-38.951102
2.430000,116.853610,1.305620,180.712933,-38.887891
2.440000,116.858663,1.309372,180.720747,-38.900181
2.450000,116.916478,1.318107,180.810158,-38.995165
2.460000,117.024055,1.331664,180.976525,-39.173666
2.470000,117.167988,1.348568,181.199116,-39.403583
2.480000,117.328280,1.366979,181.447005,-39.653434
2.490000,117.484085,1.385205,181.687957,-39.901341
2.500000,117.618857,1.401695,181.896381,-40.121294
2.510000,117.723553,1.415109,182.058291,-40.277439
2.520000,117.798107,1.425759,182.173588,-40.386196
2.530000,117.850538,1.434564,182.254673,-40.471036
2.540000,117.894326,1.442356,182.322390,-40.536884
2.550000,117.945226,1.450408,182.401106,-40.602958
2.560000,118.017743,1.460483,182.513254,-40.713858
2.570000,118.121895,1.473100,182.674324,-40.868912
2.580000,118.261188,1.488898,182.889739,-41.090067
2.590000,118.431875,1.507368,183.153705,-41.365977
2.600000,118.623539,1.527146,183.450111,-41.663847
2.610000,118.821047,1.547039,183.755555,-41.971014
2.620000,119.007273,1.565777,184.043552,-42.277144
2.630000,119.165333,1.581156,184.287991,-42.528483
2.640000,119.280457,1.592028,184.466028,-42.713004
2.650000,119.341627,1.597244,184.560628,-42.808253
2.660000,119.342408,1.596332,184.561834,-42.809604
2.670000,119.281381,1.589189,184.467457,-42.714866
2.680000,119.162585,1.576588,184.283741,-42.546705
2.690000,118.995321,1.558482,184.025068,-42.275715
2.700000,118.793576,1.536844,183.713072,-41.951013
2.710000,118.575199,1.513642,183.375354,-41.611351
2.720000,118.360024,1.490780,183.042587,-41.287600
2.730000,118.166895,1.469588,182.743916,-40.987459
2.740000,118.010400,1.451718,182.501897,-40.744805
2.750000,117.898120,1.438039,182.328257,-40.576709
2.760000,117.828933,1.428152,182.221261,-40.465291
2.770000,117.793484,1.421736,182.166439,-40.417660
2.780000,117.776700,1.417093,182.140483,-40.393668
2.790000,117.761060,1.412665,182.116296,-40.365804
2.800000,117.730329,1.407254,182.068770,-40.319601
2.810000,117.672949,1.399609,181.980034,-40.225982
2.820000,117.584184,1.389591,181.842759,-40.088511
2.830000,117.467171,1.377430,181.661799,-39.906552
2.840000,117.332883,1.364192,181.454124,-39.697214
2.850000,117.198726,1.351527,181.246652,-39.487712
2.860000,117.085882,1.341539,181.072141,-39.316565
2.870000,117.015679,1.336215,180.963571,-39.217216
2.880000,117.005477,1.336793,180.947794,-39.200467
2.890000,117.064537,1.344485,181.039129,-39.297424
2.900000,117.191523,1.359144,181.235513,-39.506004
2.910000,117.374371,1.379262,181.518286,-39.790905
2.920000,117.592637,1.403024,181.855831,-40.125385
2.930000,117.822535,1.428410,182.211367,-40.482999
2.940000,118.042456,1.453215,182.551473,-40.824497
2.950000,118.237051,1.476144,182.852412,-41.136843
2.960000,118.399066,1.496029,183.102966,-41.392590
2.970000,118.528159,1.512689,183.302607,-41.591646
2.980000,118.627693,1.526411,183.456536,-41.745095
2.990000,118.700743,1.537355,183.569507,-41.858163
3.000000,118.746100,1.545324,183.639650,-41.929268
3.010000,118.755845,1.549550,183.654721,-41.946208
3.020000,118.715254,1.549057,183.591948,-41.902422
3.030000,118.605191,1.541556,183.421736,-41.740254
3.040000,118.407577,1.525516,183.116127,-41.431027
3.050000,118.113365,1.500735,182.661133,-40.981675
3.060000,117.730649,1.467622,182.069266,-40.382228
3.070000,117.289077,1.429261,181.386378,-39.689712
3.080000,116.835753,1.390327,180.685318,-38.989472
3.090000,116.420829,1.355065,180.043642,-38.339367
3.100000,116.079293,1.327313,179.515460,-37.816461
3.110000,115.821665,1.307716,179.117041,-37.414174
3.120000,115.641523,1.296182,178.838453,-37.136777
3.130000,115.533996,1.291984,178.672163,-36.958555
3.140000,115.509730,1.296447,178.634636,-36.912629
3.150000,115.592820,1.311788,178.763134,-37.043661
3.160000,115.804436,1.339528,179.090397,-37.375606
3.170000,116.144750,1.379591,179.616689,-37.915049
3.180000,116.584918,1.428654,180.297405,-38.594963
3.190000,117.072946,1.482597,181.052134,-39.371522
3.200000,117.547984,1.534824,181.786776,-40.110890
3.210000,117.955511,1.580153,182.417013,-40.727680
3.220000,118.257199,1.615601,182.883570,-41.195307
3.230000,118.433567,1.638969,183.156321,-41.473059
3.240000,118.482117,1.649643,183.231403,-41.546495
3.250000,118.413087,1.648599,183.124649,-41.437389
3.260000,118.245435,1.637680,182.865377,-41.180872
3.270000,118.003958,1.618959,182.491935,-40.804408
3.280000,117.717099,1.595264,182.048311,-40.357654
3.290000,117.415854,1.569446,181.582439,-39.883098
3.300000,117.132696,1.544971,181.144537,-39.447627
3.310000,116.898747,1.524327,180.782737,-39.077837
3.320000,116.739313,1.510300,180.536175,-38.829908
3.330000,116.668646,1.504398,180.426889,-38.731771
3.340000,116.685627,1.506349,180.453149,-38.770831
3.350000,116.773026,1.514628,180.588312,-38.919991
3.360000,116.901595,1.526241,180.787142,-39.116844
3.370000,117.037525,1.538837,180.997357,-39.341071
3.380000,117.150618,1.549652,181.172253,-39.545290
3.390000,117.219844,1.555915,181.279311,-39.658524
3.400000,117.235866,1.557125,181.304088,-39.682919
3.410000,117.200718,1.553456,181.249732,-39.621838
3.420000,117.125176,1.545651,181.132908,-39.481481
3.430000,117.024966,1.536005,180.977934,-39.324772
3.440000,116.916972,1.525617,180.810922,-39.156180
3.450000,116.816272,1.515802,180.655190,-38.993930
3.460000,116.733817,1.507862,180.527675,-38.865904
3.470000,116.675102,1.502252,180.436873,-38.775324
3.480000,116.639888,1.499020,180.382414,-38.721611
3.490000,116.623051,1.497767,180.356377,-38.696521
3.500000,116.616780,1.497487,180.346678,-38.671389
3.510000,116.614076,1.498186,180.342496,-38.662125
3.520000,116.612605,1.499555,180.340221,-38.659446
3.530000,116.617354,1.501919,180.347566,-38.665549
3.540000,116.639905,1.506535,180.382440,-38.709816
3.550000,116.693806,1.514219,180.465798,-38.797561
3.560000,116.787867,1.525818,180.611262,-38.948502
3.570000,116.920397,1.540862,180.816219,-39.149280
3.580000,117.077906,1.558643,181.059806,-39.405927
3.590000,117.239011,1.576537,181.308953,-39.657155
3.600000,117.381404,1.592678,181.529162,-39.878789
3.610000,117.488423,1.605465,181.694666,-40.044716
3.620000,117.552485,1.614123,181.793737,-40.143260
3.630000,117.575006,1.618692,181.828566,-40.176978
3.640000,117.563509,1.619542,181.810786,-40.146963
3.650000,117.527553,1.617971,181.755180,-40.090312
3.660000,117.475090,1.614554,181.674046,-40.014096
3.670000,117.410177,1.609534,181.573659,-39.919141
3.680000,117.332192,1.602643,181.453057,-39.793589
3.690000,117.237048,1.594046,181.305916,-39.652509
3.700000,117.119669,1.583121,181.124391,-39.476899
3.710000,116.976664,1.569658,180.903235,-39.261278
3.720000,116.808582,1.553816,180.643298,-39.006390
3.730000,116.621170,1.536109,180.353467,-38.715548
3.740000,116.425013,1.517867,180.050113,-38.416338
3.750000,116.234060,1.500247,179.754806,-38.119746
3.760000,116.062817,1.484926,179.489980,-37.859342
3.770000,115.922894,1.472720,179.273590,-37.637016
3.780000,115.820488,1.464655,179.115221,-37.478966
3.790000,115.755326,1.460675,179.014449,-37.378902
3.800000,115.722512,1.460520,178.963701,-37.334468
3.810000,115.716113,1.463315,178.953805,-37.319666
3.820000,115.732432,1.468949,178.979043,-37.339385
3.830000,115.772014,1.477547,179.040256,-37.400072
3.840000,115.838991,1.489162,179.143835,-37.497559
3.850000,115.937888,1.504462,179.296779,-37.655660
3.860000,116.069853,1.522949,179.500861,-37.854561
3.870000,116.229863,1.544162,179.748315,-38.092041
3.880000,116.406437,1.567415,180.021385,-38.371965
3.890000,116.583859,1.590684,180.295767,-38.647816
3.900000,116.745639,1.612596,180.545957,-38.904640
3.910000,116.877551,1.631638,180.749958,-39.114889
3.920000,116.969445,1.646682,180.892071,-39.257305
3.930000,117.015946,1.657296,180.963985,-39.329137
3.940000,117.016193,1.663590,180.964367,-39.339862
3.950000,116.972811,1.665316,180.897276,-39.272026
3.960000,116.891170,1.663226,180.771020,-39.144878
3.970000,116.779063,1.657590,180.597648,-38.948536
3.980000,116.646170,1.650204,180.392129,-38.736367
3.990000,116.503934,1.641710,180.172164,-38.504129
4.000000,116.365303,1.633974,179.957771,-38.299333
4.010000,116.243746,1.627581,179.769785,-38.110041
4.020000,116.152030,1.623889,179.627947,-37.961681
4.030000,116.100573,1.624140,179.548370,-37.881444
4.040000,116.095894,1.628717,179.541133,-37.868570
4.050000,116.139387,1.638003,179.608395,-37.936224
4.060000,116.227424,1.651537,179.744544,-38.073137
4.070000,116.352919,1.668519,179.938620,-38.262685
4.080000,116.507259,1.688339,180.177306,-38.502173
4.090000,116.682456,1.709946,180.448246,-38.768232
4.100000,116.872607,1.732928,180.742313,-39.062513
4.110000,117.074111,1.756715,181.053936,-39.374163
4.120000,117.285139,1.780761,181.380288,-39.689522
4.130000,117.504518,1.805535,181.719557,-40.039699
4.140000,117.730504,1.830018,182.069041,-40.389352
4.150000,117.960294,1.854283,182.424409,-40.755983
4.160000,118.189550,1.877553,182.778951,-41.121966
4.170000,118.412512,1.898936,183.123760,-41.467337
4.180000,118.622888,1.917737,183.449105,-41.782327
4.190000,118.814158,1.933609,183.744901,-42.073274
4.200000,118.979851,1.945873,184.001144,-42.330140
4.210000,119.113918,1.953661,184.208477,-42.532681
4.220000,119.210637,1.956639,184.358053,-42.682840
4.230000,119.264596,1.954306,184.441499,-42.772443
4.240000,119.270940,1.945999,184.451310,-42.782839
4.250000,119.226118,1.932058,184.381993,-42.735829
4.260000,119.128795,1.911498,184.231484,-42.585424
4.270000,118.981202,1.885018,184.003233,-42.351305
4.280000,118.790785,1.853576,183.708755,-42.050376
4.290000,118.571125,1.818704,183.369054,-41.709107
4.300000,118.341713,1.781993,183.014269,-41.341281
4.310000,118.125521,1.746207,182.679930,-41.004848
4.320000,117.944991,1.713333,182.400743,-40.724093
4.330000,117.817585,1.685491,182.203712,-40.542795
4.340000,117.752393,1.662701,182.102893,-40.431335
4.350000,117.749558,1.645832,182.098508,-40.422246
4.360000,117.803199,1.634336,182.181463,-40.500624
4.370000,117.905468,1.627571,182.339621,-40.653934
4.380000,118.049879,1.624977,182.562952,-40.872060
4.390000,118.233003,1.626220,182.846151,-41.149753
4.400000,118.453483,1.631244,183.187120,-41.490630
4.410000,118.710319,1.639751,183.584315,-41.887838
4.420000,119.000972,1.651402,184.033808,-42.337740
4.430000,119.319837,1.665680,184.526929,-42.837201
4.440000,119.657631,1.681120,185.049323,-43.349855
4.450000,120.001602,1.697269,185.581272,-43.894245
4.460000,120.336638,1.711900,186.099401,-44.413948
4.470000,120.646860,1.723689,186.579157,-44.895274
4.480000,120.917214,1.731164,186.997256,-45.314670
4.490000,121.135160,1.733234,187.334308,-45.658220
4.500000,121.292027,1.728825,187.576901,-45.901364
4.510000,121.383719,1.717688,187.718701,-46.043151
4.520000,121.411439,1.699734,187.761570,-46.074572
4.530000,121.381519,1.676337,187.715300,-46.038419
4.540000,121.303973,1.647926,187.595375,-45.922889
4.550000,121.190904,1.615650,187.420516,-45.741480
4.560000,121.054459,1.581179,187.209504,-45.529656
4.570000,120.905388,1.545735,186.978967,-45.303968
4.580000,120.753317,1.510092,186.743792,-45.062726
4.590000,120.607944,1.475884,186.518974,-44.842535
4.600000,120.481217,1.443985,186.322991,-44.639859
4.610000,120.388570,1.416159,186.179713,-44.483984
4.620000,120.347725,1.394715,186.116548,-44.424638
4.630000,120.375338,1.381097,186.159250,-44.477140
4.640000,120.482313,1.375932,186.324686,-44.636936
4.650000,120.669733,1.379614,186.614530,-44.916796
4.660000,120.927630,1.391473,187.013365,-45.312035
4.670000,121.237092,1.409362,187.491945,-45.776482
4.680000,121.574386,1.431724,188.013567,-46.305793
4.690000,121.915259,1.455592,188.540722,-46.834869
4.700000,122.238362,1.478582,189.040399,-47.319707
4.710000,122.526532,1.499627,189.486050,-47.766449
4.720000,122.766664,1.517084,189.857412,-48.144070
4.730000,122.949195,1.529765,190.139694,-48.432456
4.740000,123.067334,1.536892,190.322395,-48.621132
4.750000,123.116535,1.537702,190.398484,-48.692093
4.760000,123.094694,1.532196,190.364708,-48.652977
4.770000,123.003225,1.520628,190.223252,-48.511209
4.780000,122.849008,1.503190,189.984756,-48.255258
4.790000,122.646651,1.481892,189.671814,-47.934799
4.800000,122.420800,1.459072,189.322537,-47.587837
4.810000,122.206874,1.437548,188.991702,-47.247542
4.820000,122.047173,1.421690,188.744726,-47.002083
4.830000,121.981505,1.414413,188.643171,-46.881691
4.840000,122.034437,1.419016,188.725031,-46.974452
4.850000,122.205014,1.434554,188.988827,-47.241123
4.860000,122.465419,1.458450,189.391540,-47.637661
4.870000,122.769664,1.486927,189.862051,-48.113108
4.880000,123.067201,1.515192,190.322189,-48.582710
4.890000,123.315747,1.539303,190.706563,-48.980312
4.900000,123.488438,1.556471,190.973628,-49.253419
4.910000,123.574874,1.565771,191.107301,-49.391751
4.920000,123.578672,1.567580,191.113174,-49.406880
4.930000,123.513441,1.562734,191.012295,-49.303762
4.940000,123.398877,1.553258,190.835123,-49.124049
4.950000,123.257246,1.541105,190.616093,-48.897218
4.960000,123.110956,1.528495,190.389856,-48.663245
4.970000,122.981144,1.517425,190.189103,-48.455045
4.980000,122.886212,1.509634,190.042293,-48.301266
4.990000,122.840551,1.506594,189.971677,-48.229695
5.000000,122.853034,1.509131,189.990983,-48.254189
5.010000,122.925439,1.517167,190.102955,-48.366733
5.020000,123.051687,1.530241,190.298197,-48.563302
5.030000,123.218452,1.547209,190.556098,-48.828479
5.040000,123.407238,1.565961,190.848054,-49.117000
5.050000,123.597429,1.584910,191.142182,-49.413104
5.060000,123.769369,1.602071,191.408085,-49.680549
5.070000,123.906712,1.615778,191.620484,-49.888560
5.080000,123.997671,1.625267,191.761153,-50.035306
5.090000,124.035069,1.629378,191.818987,-50.087907
5.100000,124.015911,1.628317,191.789360,-50.063697
5.110000,123.940784,1.621812,191.673177,-49.947087
5.120000,123.813707,1.610659,191.476654,-49.760801
5.130000,123.642019,1.595145,191.211140,-49.494216
5.140000,123.436328,1.576723,190.893041,-49.180175
5.150000,123.210390,1.556546,190.543630,-48.829211
5.160000,122.980064,1.536076,190.187434,-48.460330
5.170000,122.761767,1.517437,189.849838,-48.121156
5.180000,122.570654,1.501781,189.554285,-47.818913
5.190000,122.418831,1.490804,189.319492,-47.594211
5.200000,122.314007,1.484704,189.157382,-47.431749
5.210000,122.259283,1.484068,189.072753,-47.347180
5.220000,122.253776,1.489202,189.064236,-47.355411
5.230000,122.293458,1.498770,189.125604,-47.406324
5.240000,122.372292,1.512419,189.247519,-47.501500
5.250000,122.483046,1.530378,189.418799,-47.673453
5.260000,122.617760,1.551223,189.627133,-47.882491
5.270000,122.768088,1.574309,189.859615,-48.126615
5.280000,122.925271,1.598229,190.102696,-48.370480
5.290000,123.080477,1.622273,190.342720,-48.611258
5.300000,123.225291,1.645765,190.566675,-48.846759
5.310000,123.352102,1.667152,190.762786,-49.032488
5.320000,123.454599,1.686452,190.921297,-49.191340
5.330000,123.528555,1.702917,191.035670,-49.305868
5.340000,123.571785,1.716242,191.102524,-49.372678
5.350000,123.583895,1.726543,191.121252,-49.402157
5.360000,123.565884,1.733360,191.093398,-49.374125
5.370000,123.519177,1.737250,191.021166,-49.312774
5.380000,123.444721,1.737902,190.906020,-49.203207
5.390000,123.341786,1.735369,190.746833,-49.049941
5.400000,123.207222,1.729270,190.538731,-48.842664
5.410000,123.035338,1.719265,190.272914,-48.577994
5.420000,122.818240,1.704854,189.937174,-48.248995
5.430000,122.547423,1.685294,189.518358,-47.836830
5.440000,122.217168,1.660009,189.007622,-47.321216
5.450000,121.829624,1.629760,188.408289,-46.721109
5.460000,121.400954,1.596215,187.745355,-46.060812
5.470000,120.966157,1.562605,187.072946,-45.389025
5.480000,120.578401,1.533636,186.473285,-44.777917
5.490000,120.298757,1.515281,186.040819,-44.340350
5.500000,120.176743,1.512059,185.852125,-44.155214
5.510000,120.230075,1.525326,185.934603,-44.239963
5.520000,120.436173,1.553107,186.253331,-44.564190
5.530000,120.741044,1.590416,186.724812,-45.042054
5.540000,121.079548,1.631341,187.248304,-45.576224
5.550000,121.394586,1.670303,187.735507,-46.066614
5.560000,121.647273,1.703458,188.126285,-46.447738
5.570000,121.817807,1.729510,188.390015,-46.722095
5.580000,121.900845,1.746946,188.518432,-46.844070
5.590000,121.899975,1.756432,188.517086,-46.841437
5.600000,121.823748,1.758414,188.399202,-46.716733
5.610000,121.683131,1.753980,188.181740,-46.492386
5.620000,121.490405,1.744389,187.883690,-46.192950
5.630000,121.258829,1.731033,187.525561,-45.844365
5.640000,121.002502,1.714691,187.129154,-45.440998
5.650000,120.736704,1.697698,186.718100,-45.044803
5.660000,120.477038,1.680867,186.316528,-44.647218
5.670000,120.238582,1.665686,185.947759,-44.271668
5.680000,120.035554,1.653892,185.633778,-43.956592
5.690000,119.880073,1.646646,185.393328,-43.720807
5.700000,119.781204,1.644561,185.240429,-43.567415
5.710000,119.744354,1.648359,185.183441,-43.515842
5.720000,119.770410,1.657584,185.223736,-43.545645
5.730000,119.854690,1.672325,185.354073,-43.677023
5.740000,119.986749,1.691028,185.558302,-43.871799
5.750000,120.150798,1.712473,185.812002,-44.121987
5.760000,120.326946,1.734579,186.084413,-44.391016
5.770000,120.493631,1.755232,186.342190,-44.645399
5.780000,120.629861,1.772609,186.552868,-44.863415
5.790000,120.716871,1.784269,186.687427,-44.988721
5.800000,120.738837,1.789272,186.721398,-45.024067
5.810000,120.683098,1.786298,186.635198,-44.944518
5.820000,120.540215,1.774261,186.414231,-44.724380
5.830000,120.304437,1.752962,186.049603,-44.365708
5.840000,119.975093,1.722233,185.540275,-43.856249
5.850000,119.558126,1.682943,184.895440,-43.210385
5.860000,119.068721,1.636978,184.138581,-42.462342
5.870000,118.533969,1.586725,183.311591,-41.637329
5.880000,117.993473,1.536067,182.475720,-40.796784
5.890000,117.496440,1.489870,181.707064,-40.023138
5.900000,117.094286,1.453161,181.085137,-39.402391
5.910000,116.830257,1.429941,180.676818,-38.997034
5.920000,116.729087,1.422474,180.520360,-38.840568
5.930000,116.791157,1.430996,180.616351,-38.938879
5.940000,116.993969,1.453475,180.929998,-39.256354
5.950000,117.299517,1.486290,181.402525,-39.727664
5.960000,117.664071,1.525714,181.966303,-40.300697
5.970000,118.046696,1.567376,182.558029,-40.889825
5.980000,118.414197,1.608522,183.126365,-41.465507
5.990000,118.742708,1.646263,183.634404,-41.969060
6.000000,119.017189,1.679352,184.058887,-42.393898
6.010000,119.229813,1.706614,184.387708,-42.716996
6.020000,119.378250,1.727897,184.617264,-42.945974
6.030000,119.464252,1.743216,184.750266,-43.083725
6.040000,119.492143,1.752506,184.793399,-43.120482
6.050000,119.467899,1.756510,184.755905,-43.076616
6.060000,119.398737,1.756232,184.648946,-42.979672
6.070000,119.292486,1.751813,184.484630,-42.814438
6.080000,119.157328,1.744295,184.275610,-42.604563
6.090000,119.001623,1.734396,184.034814,-42.357461
6.100000,118.833620,1.723206,183.774999,-42.096834
6.110000,118.661344,1.711324,183.508575,-41.824171
6.120000,118.492395,1.699919,183.247299,-41.567705
6.130000,118.333793,1.689619,183.002022,-41.332806
6.140000,118.191871,1.680746,182.782540,-41.112795
6.150000,118.072013,1.674012,182.597181,-40.921539
6.160000,117.978855,1.670049,182.453114,-40.771633
6.170000,117.916532,1.669541,182.356732,-40.680419
6.180000,117.888795,1.672506,182.313836,-40.637163
6.190000,117.898742,1.679365,182.329220,-40.652236
6.200000,117.948459,1.690190,182.406107,-40.723473
6.210000,118.038740,1.705378,182.545725,-40.868614
6.220000,118.168249,1.724272,182.746010,-41.063750
6.230000,118.333068,1.746791,183.000901,-41.319192
6.240000,118.526627,1.772117,183.300237,-41.619376
6.250000,118.740073,1.799209,183.630329,-41.944922
6.260000,118.963550,1.827162,183.975935,-42.285864
6.270000,119.187348,1.855206,184.322036,-42.638143
6.280000,119.402982,1.882200,184.655511,-42.977558
6.290000,119.604186,1.907445,184.966672,-43.294419
6.300000,119.787057,1.930102,185.249480,-43.566284
6.310000,119.949907,1.950507,185.501325,-43.817900
6.320000,120.092856,1.968457,185.722395,-44.044125
6.330000,120.217412,1.984008,185.915019,-44.247319
6.340000,120.325937,1.997186,186.082853,-44.425682
6.350000,120.421232,2.007957,186.230225,-44.572671
6.360000,120.506288,2.016794,186.361764,-44.703888
6.370000,120.584007,2.023452,186.481955,-44.801884
6.380000,120.656999,2.028993,186.594837,-44.909031
6.390000,120.727667,2.033146,186.704124,-45.007122
6.400000,120.798076,2.036334,186.813011,-45.110346
6.410000,120.869891,2.038712,186.924072,-45.221233
6.420000,120.944586,2.040415,187.039587,-45.342092
6.430000,121.023352,2.041311,187.161398,-45.463801
6.440000,121.107143,2.041844,187.290980,-45.604250
6.450000,121.196583,2.041591,187.429297,-45.742540
6.460000,121.292014,2.040577,187.576880,-45.879145
6.470000,121.393441,2.039159,187.733737,-46.030620
6.480000,121.500452,2.037289,187.899227,-46.196200
6.490000,121.612178,2.034763,188.072011,-46.369182
6.500000,121.727209,2.031321,188.249906,-46.541774
6.510000,121.843475,2.027130,188.429709,-46.727374
6.520000,121.958033,2.021445,188.606872,-46.899550
6.530000,122.067243,2.014657,188.775764,-47.085476
6.540000,122.166524,2.005520,188.929302,-47.239712
6.550000,122.250303,1.993924,189.058864,-47.370171
6.560000,122.312394,1.979711,189.154889,-47.483489
6.570000,122.346314,1.961654,189.207345,-47.536868
6.580000,122.346430,1.939463,189.207524,-47.526807
6.590000,122.309580,1.913344,189.150536,-47.464710
6.600000,122.237309,1.883713,189.038770,-47.358027
6.610000,122.138813,1.851321,188.886447,-47.209640
6.620000,122.032986,1.817925,188.722786,-47.043461
6.630000,121.948521,1.786620,188.592161,-46.920471
6.640000,121.920117,1.760177,188.548235,-46.873343
6.650000,121.980529,1.741631,188.641662,-46.953859
6.660000,122.150271,1.733345,188.904167,-47.216380
6.670000,122.429942,1.735125,189.336674,-47.651020
6.680000,122.799401,1.744735,189.908039,-48.209614
6.690000,123.223688,1.759648,190.564195,-48.869741
6.700000,123.663143,1.775680,191.243808,-49.547340
6.710000,124.082364,1.789607,191.892128,-50.192570
6.720000,124.454890,1.799015,192.468237,-50.770058
6.730000,124.764280,1.802161,192.946706,-51.249038
6.740000,125.002583,1.798462,193.315238,-51.628630
6.750000,125.167859,1.787078,193.570836,-51.878512
6.760000,125.262167,1.768674,193.716682,-52.023892
6.770000,125.290570,1.743640,193.760607,-52.067191
6.780000,125.260719,1.713004,193.714444,-52.031128
6.790000,125.182704,1.677221,193.593793,-51.904038
6.800000,125.069026,1.638074,193.417991,-51.727077
6.810000,124.933849,1.596921,193.208942,-51.516875
6.820000,124.791762,1.555416,192.989206,-51.301651
6.830000,124.655978,1.514962,192.779218,-51.101981
6.840000,124.536062,1.475920,192.593768,-50.900130
6.850000,124.436603,1.439994,192.439956,-50.752262
6.860000,124.357895,1.406924,192.318234,-50.636710
6.870000,124.298726,1.376527,192.226730,-50.540056
6.880000,124.260601,1.349553,192.167771,-50.486178
6.890000,124.251385,1.326676,192.153519,-50.481537
6.900000,124.286298,1.309063,192.207511,-50.539005
6.910000,124.384643,1.298314,192.359600,-50.683933
6.920000,124.562433,1.296155,192.634550,-50.958355
6.930000,124.823978,1.302965,193.039028,-51.375024
6.940000,125.155789,1.316894,193.552170,-51.891437
6.950000,125.526243,1.335158,194.125073,-52.468869
6.960000,125.891267,1.353623,194.689580,-53.038273
6.970000,126.203709,1.367537,195.172768,-53.509201
6.980000,126.423128,1.373760,195.512096,-53.845733
6.990000,126.522898,1.369628,195.666391,-53.995476
7.000000,126.494655,1.354550,195.622714,-53.950660
7.010000,126.349577,1.329293,195.398352,-53.712427
7.020000,126.116531,1.297003,195.037948,-53.342257
7.030000,125.837915,1.261735,194.607071,-52.906348
7.040000,125.563150,1.228314,194.182149,-52.487448
7.050000,125.340184,1.200944,193.837335,-52.144228
7.060000,125.206588,1.183103,193.630730,-51.930032
7.070000,125.182878,1.177039,193.594062,-51.887832
7.080000,125.270027,1.183284,193.728838,-52.035212
7.090000,125.451858,1.199306,194.010038,-52.297305
7.100000,125.701097,1.223899,194.395483,-52.691262
7.110000,125.986902,1.253437,194.837478,-53.135905
7.120000,126.281655,1.285608,195.293311,-53.604601
7.130000,126.564741,1.317732,195.731100,-54.037921
7.140000,126.823322,1.349027,196.130994,-54.443651
7.150000,127.051030,1.378328,196.483142,-54.795800
7.160000,127.245135,1.405305,196.783323,-55.095961
7.170000,127.403920,1.429745,197.028883,-55.347104
7.180000,127.525189,1.451548,197.216423,-55.556911
7.190000,127.605799,1.469604,197.341086,-55.687322
7.200000,127.642970,1.483728,197.398571,-55.739350
7.210000,127.636585,1.494480,197.388695,-55.740110
7.220000,127.590794,1.501623,197.317880,-55.668311
7.230000,127.514586,1.506232,197.200026,-55.549045
7.240000,127.420792,1.509377,197.054974,-55.396996
7.250000,127.323882,1.512525,196.905105,-55.240213
7.260000,127.237543,1.517184,196.771582,-55.110985
7.270000,127.172858,1.524135,196.671548,-55.015524
7.280000,127.137761,1.534099,196.617270,-54.966129
7.290000,127.137481,1.547398,196.616837,-54.965268
7.300000,127.174895,1.564588,196.674697,-55.033885
7.310000,127.249848,1.584838,196.790612,-55.139065
7.320000,127.357893,1.608475,196.957701,-55.312348
7.330000,127.489753,1.634044,197.161622,-55.517450
7.340000,127.631891,1.660286,197.381437,-55.738848
7.350000,127.767669,1.685423,197.591416,-55.944900
7.360000,127.879739,1.707751,197.764731,-56.108680
7.370000,127.952343,1.726081,197.877013,-56.222175
7.380000,127.972450,1.739012,197.908108,-56.259578
7.390000,127.930588,1.745387,197.843368,-56.195436
7.400000,127.821220,1.744805,197.674233,-56.026429
7.410000,127.643239,1.737553,197.398987,-55.767284
7.420000,127.400427,1.723571,197.023481,-55.401866
7.430000,127.101811,1.703681,196.561674,-54.938827
7.440000,126.761606,1.679569,196.035551,-54.410984
7.450000,126.398327,1.652984,195.473742,-53.841751
7.460000,126.032986,1.626029,194.908747,-53.263799
7.470000,125.686252,1.601152,194.372525,-52.725901
7.480000,125.376077,1.580066,193.892843,-52.250482
7.490000,125.116137,1.563941,193.490849,-51.847741
7.500000,124.914874,1.553921,193.179598,-51.541656
7.510000,124.775484,1.550266,192.964032,-51.331768
7.520000,124.696024,1.552826,192.841149,-51.215034
7.530000,124.669072,1.561254,192.799467,-51.196412
7.540000,124.681391,1.573670,192.818519,-51.228236
7.550000,124.714318,1.588379,192.869440,-51.286811
7.560000,124.745424,1.603329,192.917545,-51.342845
7.570000,124.751178,1.616355,192.926443,-51.364764
7.580000,124.710041,1.625261,192.862826,-51.313822
7.590000,124.605143,1.628295,192.700601,-51.158094
7.600000,124.426203,1.624357,192.423873,-50.876231
7.610000,124.170637,1.613919,192.028642,-50.496887
7.620000,123.843503,1.597012,191.522734,-50.006275
7.630000,123.456877,1.574708,190.924819,-49.417637
7.640000,123.028882,1.548671,190.262929,-48.753731
7.650000,122.582329,1.521850,189.572339,-48.082651
7.660000,122.143003,1.495682,188.892927,-47.395207
7.670000,121.738309,1.473539,188.267071,-46.766730
7.680000,121.395899,1.457816,187.737538,-46.229170
7.690000,121.141657,1.451179,187.344356,-45.833825
7.700000,120.996867,1.455446,187.120439,-45.608573
7.710000,120.974145,1.471450,187.085299,-45.562342
7.720000,121.073003,1.499620,187.238182,-45.722197
7.730000,121.277353,1.537581,187.554208,-46.030314
7.740000,121.556035,1.582867,187.985186,-46.465531
7.750000,121.866543,1.631238,188.465385,-46.956016
7.760000,122.160970,1.677954,188.920712,-47.421609
7.770000,122.391836,1.718219,189.277744,-47.777538
7.780000,122.516821,1.748363,189.471033,-47.974485
7.790000,122.502764,1.764897,189.449293,-47.944335
7.800000,122.330181,1.766503,189.182395,-47.678123
7.810000,122.000128,1.753073,188.671972,-47.165426
7.820000,121.543200,1.727703,187.965337,-46.463785
7.830000,121.025878,1.695890,187.165304,-45.648747
7.840000,120.544995,1.666839,186.421624,-44.889142
7.850000,120.202143,1.650065,185.891405,-44.357316
7.860000,120.063690,1.651427,185.677291,-44.148651
7.870000,120.130209,1.670806,185.780161,-44.252775
7.880000,120.338669,1.703026,186.102542,-44.590170
7.890000,120.595863,1.739196,186.500291,-44.990455
7.900000,120.817990,1.772435,186.843807,-45.354648
7.910000,120.953441,1.797277,187.053281,-45.570080
7.920000,120.985609,1.811984,187.103029,-45.606764
7.930000,120.923945,1.818246,187.007666,-45.524454
7.940000,120.792146,1.817277,186.803840,-45.322477
7.950000,120.618783,1.811861,186.535736,-45.056532
7.960000,120.430617,1.804318,186.244739,-44.763000
7.970000,120.248923,1.796633,185.963751,-44.474758
7.980000,120.088235,1.790684,185.715248,-44.236304
7.990000,119.956387,1.786789,185.511347,-44.037404
8.000000,119.856379,1.785791,185.356686,-43.904510
8.010000,119.788536,1.786946,185.251766,-43.799456
8.020000,119.752298,1.790738,185.195725,-43.743285
8.030000,119.747418,1.797405,185.188179,-43.746489
8.040000,119.773924,1.806580,185.229170,-43.792827
8.050000,119.831486,1.818317,185.318189,-43.887380
8.060000,119.918436,1.832399,185.452655,-44.027536
8.070000,120.031137,1.848177,185.626947,-44.196834
8.080000,120.164018,1.864919,185.832446,-44.381175
8.090000,120.309758,1.882688,186.057832,-44.607283
8.100000,120.460151,1.900269,186.290413,-44.846095
8.110000,120.607231,1.916579,186.517871,-45.074213
8.120000,120.743974,1.931098,186.729343,-45.291703
8.130000,120.864704,1.942832,186.916050,-45.473348
8.140000,120.965248,1.951893,187.071540,-45.640177
8.150000,121.042634,1.957432,187.191217,-45.765497
8.160000,121.094947,1.958959,187.272119,-45.835574
8.170000,121.121043,1.956908,187.312476,-45.875977
8.180000,121.120012,1.951049,187.310881,-45.879922
8.190000,121.091191,1.940828,187.266310,-45.824567
8.200000,121.033890,1.926795,187.177694,-45.736143
8.210000,120.947153,1.908778,187.043557,-45.607706
8.220000,120.829758,1.886489,186.862006,-45.426419
8.230000,120.680107,1.860114,186.630573,-45.200908
8.240000,120.496128,1.829464,186.346052,-44.922308
8.250000,120.275556,1.794128,186.004939,-44.570820
8.260000,120.016084,1.754569,185.603668,-44.164561
8.270000,119.715982,1.710745,185.139563,-43.695325
8.280000,119.375137,1.662910,184.612450,-43.162865
8.290000,118.995986,1.611698,184.026096,-42.576295
8.300000,118.584516,1.558095,183.389762,-41.950217
8.310000,118.151315,1.502921,182.719821,-41.278913
8.320000,117.712290,1.448332,182.040873,-40.603539
8.330000,117.288722,1.395867,181.385830,-39.924252
8.340000,116.906138,1.348984,180.794167,-39.319120
8.350000,116.591683,1.310399,180.307866,-38.830239
8.360000,116.370741,1.282383,179.966182,-38.486553
8.370000,116.263263,1.266744,179.799968,-38.313785
8.380000,116.280336,1.264763,179.826372,-38.340107
8.390000,116.422012,1.276167,180.045471,-38.554766
8.400000,116.677598,1.300345,180.440733,-38.962956
8.410000,117.027574,1.334725,180.981967,-39.506718
8.420000,117.446509,1.376737,181.629846,-40.146370
8.430000,117.906515,1.424020,182.341241,-40.860324
8.440000,118.380408,1.473405,183.074111,-41.589946
8.450000,118.844118,1.522708,183.791234,-42.314243
8.460000,119.278215,1.569204,184.462561,-42.975757
8.470000,119.668363,1.611978,185.065920,-43.585200
8.480000,120.005196,1.649518,185.586829,-44.111798
8.490000,120.283890,1.680758,186.017827,-44.531760
8.500000,120.503082,1.705954,186.356805,-44.870402
8.510000,120.663875,1.724921,186.605470,-45.123999
8.520000,120.769075,1.737564,186.768162,-45.286164
8.530000,120.822675,1.744297,186.851052,-45.368491
8.540000,120.829669,1.745306,186.861869,-45.367736
8.550000,120.795896,1.741616,186.809639,-45.314831
8.560000,120.728182,1.733656,186.704921,-45.209306
8.570000,120.634689,1.722360,186.560334,-45.069276
8.580000,120.524837,1.708320,186.390449,-44.892984
8.590000,120.408923,1.692937,186.211190,-44.712740
8.600000,120.297355,1.677270,186.038651,-44.544798
8.610000,120.199356,1.662263,185.887095,-44.403536
8.620000,120.121288,1.648127,185.766365,-44.277166
8.630000,120.065683,1.635913,185.680372,-44.202471
8.640000,120.030702,1.624949,185.626274,-44.149063
8.650000,120.010576,1.614928,185.595149,-44.113358
8.660000,119.997225,1.605447,185.574502,-44.093752
8.670000,119.981904,1.595666,185.550808,-44.070861
8.680000,119.956695,1.585068,185.511824,-44.038042
8.690000,119.915585,1.573065,185.448247,-43.980412
8.700000,119.855000,1.559179,185.354554,-43.881498
8.710000,119.773916,1.543404,185.229158,-43.739720
8.720000,119.673528,1.526670,185.073908,-43.589784
8.730000,119.556849,1.508892,184.893466,-43.414523
8.740000,119.428877,1.490652,184.695558,-43.221573
8.750000,119.296996,1.472750,184.491605,-43.022238
8.760000,119.171246,1.455870,184.297134,-42.815751
8.770000,119.064506,1.441902,184.132062,-42.649272
8.780000,118.992163,1.432102,184.020185,-42.535871
8.790000,118.970596,1.428025,183.986832,-42.500989
8.800000,119.014633,1.431046,184.054934,-42.567934
8.810000,119.134458,1.441963,184.240243,-42.747424
8.820000,119.332872,1.461217,184.547087,-43.054758
8.830000,119.604171,1.488072,184.966649,-43.475626
8.840000,119.934635,1.521142,185.477707,-43.988560
8.850000,120.304544,1.558456,186.049769,-44.562825
8.860000,120.690955,1.597717,186.647349,-45.162598
8.870000,121.070300,1.636447,187.234002,-45.745745
8.880000,121.421032,1.672710,187.776405,-46.289733
8.890000,121.725511,1.704805,188.247279,-46.772685
8.900000,121.970833,1.730884,188.626668,-47.152704
8.910000,122.149158,1.750442,188.902445,-47.434148
8.920000,122.257784,1.762757,189.070435,-47.596480
8.930000,122.298744,1.768181,189.133779,-47.653767
8.940000,122.278053,1.767359,189.101780,-47.620798
8.950000,122.204883,1.761153,188.988623,-47.512040
8.960000,122.090303,1.750508,188.811427,-47.339312
8.970000,121.945600,1.736181,188.587644,-47.103720
8.980000,121.780532,1.719782,188.332369,-46.847901
8.990000,121.602324,1.701989,188.056772,-46.577508
9.000000,121.415603,1.683134,187.768010,-46.288679
9.010000,121.223825,1.663441,187.471427,-45.975489
9.020000,121.031726,1.644437,187.174348,-45.688794
9.030000,120.847391,1.625770,186.889276,-45.386155
9.040000,120.683084,1.609252,186.635177,-45.114286
9.050000,120.553407,1.596743,186.434632,-44.917915
9.060000,120.470838,1.588570,186.306941,-44.778776
9.070000,120.440587,1.585450,186.260157,-44.716131
9.080000,120.457319,1.587368,186.286033,-44.743551
9.090000,120.505677,1.592426,186.360819,-44.815004
9.100000,120.564551,1.599030,186.451867,-44.913585
9.110000,120.612873,1.604854,186.526597,-44.989811
9.120000,120.634727,1.608745,186.560394,-45.035187
9.130000,120.621642,1.609387,186.540157,-45.014821
9.140000,120.572518,1.606863,186.464188,-44.938160
9.150000,120.492027,1.601660,186.339709,-44.818210
9.160000,120.387692,1.594180,186.178355,-44.656017
9.170000,120.266939,1.585323,185.991613,-44.474128
9.180000,120.135185,1.575477,185.787856,-44.275550
9.190000,119.995275,1.564698,185.571488,-44.053795
9.200000,119.847855,1.553589,185.343503,-43.831417
9.210000,119.693035,1.541896,185.104076,-43.591938
9.220000,119.532941,1.530273,184.856492,-43.354860
9.230000,119.373712,1.518787,184.610246,-43.102182
9.240000,119.226532,1.509162,184.382634,-42.878453
9.250000,119.107365,1.502477,184.198343,-42.686882
9.260000,119.034925,1.500754,184.086315,-42.567522
9.270000,119.027087,1.505920,184.074194,-42.559548
9.280000,119.096457,1.518431,184.181473,-42.649940
9.290000,119.246633,1.539456,184.413720,-42.882852
9.300000,119.470503,1.567838,184.759932,-43.225132
9.310000,119.751794,1.602400,185.194946,-43.667610
9.320000,120.069059,1.640498,185.685593,-44.149310
9.330000,120.400269,1.680482,186.197805,-44.657664
9.340000,120.726825,1.720624,186.702822,-45.169183
9.350000,121.035549,1.759309,187.180261,-45.652446
9.360000,121.318860,1.795552,187.618398,-46.090481
9.370000,121.574048,1.829164,188.013044,-46.490171
9.380000,121.801743,1.860024,188.365171,-46.852664
9.390000,122.004339,1.888312,188.678485,-47.187353
9.400000,122.184722,1.913429,188.957445,-47.465801
9.410000,122.345603,1.935990,189.206246,-47.714161
9.420000,122.489451,1.956117,189.428705,-47.936274
9.430000,122.618314,1.973903,189.627990,-48.135180
9.440000,122.733718,1.989658,189.806461,-48.324505
9.450000,122.836698,2.002930,189.965720,-48.483610
9.460000,122.927979,2.013860,190.106884,-48.619173
9.470000,123.008176,2.022584,190.230908,-48.737697
9.480000,123.077721,2.029344,190.338459,-48.850639
9.490000,123.136881,2.033782,190.429949,-48.942232
9.500000,123.185586,2.035756,190.505271,-49.006655
9.510000,123.223666,2.035006,190.564161,-49.032915
9.520000,123.250625,2.032688,190.605853,-49.074720
9.530000,123.265511,2.028024,190.628874,-49.097901
9.540000,123.267315,2.021067,190.631663,-49.106365
9.550000,123.254746,2.011496,190.612226,-49.087245
9.560000,123.226185,1.999332,190.568056,-49.043402
9.570000,123.179595,1.984338,190.496005,-48.966271
9.580000,123.112664,1.966508,190.392498,-48.857715
9.590000,123.022867,1.945955,190.253628,-48.724823
9.600000,122.907692,1.922455,190.075510,-48.558041
9.610000,122.765187,1.895503,189.855129,-48.332513
9.620000,122.594738,1.865929,189.591530,-48.079984
9.630000,122.397944,1.833347,189.287191,-47.770023
9.640000,122.179830,1.798532,188.949879,-47.415655
9.650000,121.949852,1.763030,188.594220,-47.053417
9.660000,121.722433,1.727984,188.242519,-46.689101
9.670000,121.516661,1.695665,187.924295,-46.368771
9.680000,121.354428,1.668090,187.673403,-46.121296
9.690000,121.257283,1.647084,187.523169,-45.969402
9.700000,121.242348,1.634268,187.500073,-45.939969
9.710000,121.318457,1.630824,187.617774,-46.063333
9.720000,121.483972,1.636332,187.873742,-46.326060
9.730000,121.726630,1.649727,188.249011,-46.714312
9.740000,122.026017,1.668578,188.712009,-47.174208
9.750000,122.358016,1.690682,189.225443,-47.673587
9.760000,122.698934,1.714321,189.752668,-48.202665
9.770000,123.028689,1.737381,190.262631,-48.724821
9.780000,123.332639,1.757760,190.732686,-49.190094
9.790000,123.601916,1.774969,191.149121,-49.606630
9.800000,123.832815,1.788647,191.506205,-49.974363
9.810000,124.025593,1.798217,191.804334,-50.272135
9.820000,124.182890,1.804178,192.047592,-50.520351
9.830000,124.308236,1.806551,192.241439,-50.713724
9.840000,124.405141,1.805615,192.391300,-50.857727
9.850000,124.476238,1.801718,192.501251,-50.962045
9.860000,124.522555,1.795211,192.572880,-51.039224
9.870000,124.543584,1.785726,192.605402,-51.072009
9.880000,124.537509,1.773395,192.596006,-51.068468
9.890000,124.501390,1.757796,192.540148,-51.013074
9.900000,124.431813,1.738737,192.432549,-50.900561
9.910000,124.325983,1.716458,192.268884,-50.742752
9.920000,124.182747,1.690660,192.047370,-50.521382
9.930000,124.004113,1.662433,191.771114,-50.272245
9.940000,123.796730,1.631136,191.450398,-49.939723
9.950000,123.573051,1.599196,191.104482,-49.592213
9.960000,123.352335,1.568328,190.763146,-49.248587
9.970000,123.160072,1.541027,190.465814,-48.948549
9.980000,123.025491,1.520089,190.257686,-48.737820
9.990000,122.976789,1.508296,190.182368,-48.665863
